.FunctionalModel.DriveController.MetroIIPtidesPlatform.PtidesPlatformContents.Register.FIRE_BEGIN,Task1.Register.Begin
.FunctionalModel.DriveController.MetroIIPtidesPlatform.PtidesPlatformContents.Register.FIRE_END,Task1.Register.End
.FunctionalModel.DriveController.MetroIIPtidesPlatform.PtidesPlatformContents.AddSubtract.FIRE_BEGIN,Task1.AddSubtract.Begin
.FunctionalModel.DriveController.MetroIIPtidesPlatform.PtidesPlatformContents.AddSubtract.FIRE_END,Task1.AddSubtract.End
.FunctionalModel.DriveController.MetroIIPtidesPlatform.PtidesPlatformContents.PID.FIRE_BEGIN,Task1.PID.Begin
.FunctionalModel.DriveController.MetroIIPtidesPlatform.PtidesPlatformContents.PID.FIRE_END,Task1.PID.End
.FunctionalModel.FeedController.MetroIIPtidesPlatform.PtidesPlatformContents.Register2.FIRE_BEGIN,Task2.Register.Begin
.FunctionalModel.FeedController.MetroIIPtidesPlatform.PtidesPlatformContents.Register2.FIRE_END,Task2.Register.End
.FunctionalModel.FeedController.MetroIIPtidesPlatform.PtidesPlatformContents.Register.FIRE_BEGIN,Task2.Register.Begin
.FunctionalModel.FeedController.MetroIIPtidesPlatform.PtidesPlatformContents.Register.FIRE_END,Task2.Register.End
.FunctionalModel.FeedController.MetroIIPtidesPlatform.PtidesPlatformContents.AddSubtract2.FIRE_BEGIN,Task2.AddSubtract.Begin
.FunctionalModel.FeedController.MetroIIPtidesPlatform.PtidesPlatformContents.AddSubtract2.FIRE_END,Task2.AddSubtract.End
.FunctionalModel.FeedController.MetroIIPtidesPlatform.PtidesPlatformContents.Const2.FIRE_BEGIN,Task2.Const.Begin
.FunctionalModel.FeedController.MetroIIPtidesPlatform.PtidesPlatformContents.Const2.FIRE_END,Task2.Const.End
.FunctionalModel.FeedController.MetroIIPtidesPlatform.PtidesPlatformContents.AddSubtract.FIRE_BEGIN,Task2.AddSubtract.Begin
.FunctionalModel.FeedController.MetroIIPtidesPlatform.PtidesPlatformContents.AddSubtract.FIRE_END,Task2.AddSubtract.End
.FunctionalModel.FeedController.MetroIIPtidesPlatform.PtidesPlatformContents.PID.FIRE_BEGIN,Task2.PID.Begin
.FunctionalModel.FeedController.MetroIIPtidesPlatform.PtidesPlatformContents.PID.FIRE_END,Task2.PID.End
.FunctionalModel.FeedController.MetroIIPtidesPlatform.PtidesPlatformContents.Const.FIRE_BEGIN,Task2.Const.Begin
.FunctionalModel.FeedController.MetroIIPtidesPlatform.PtidesPlatformContents.Const.FIRE_END,Task2.Const.End
.FunctionalModel.FeedController.MetroIIPtidesPlatform.PtidesPlatformContents.Select.FIRE_BEGIN,Task2.Select.Begin
.FunctionalModel.FeedController.MetroIIPtidesPlatform.PtidesPlatformContents.Select.FIRE_END,Task2.Select.End
.FunctionalModel.ReserveController.MetroIIPtidesPlatform.PtidesPlatformContents.Register2.FIRE_BEGIN,Task3.Register.Begin
.FunctionalModel.ReserveController.MetroIIPtidesPlatform.PtidesPlatformContents.Register2.FIRE_END,Task3.Register.End
.FunctionalModel.ReserveController.MetroIIPtidesPlatform.PtidesPlatformContents.Register.FIRE_BEGIN,Task3.Register.Begin
.FunctionalModel.ReserveController.MetroIIPtidesPlatform.PtidesPlatformContents.Register.FIRE_END,Task3.Register.End
.FunctionalModel.ReserveController.MetroIIPtidesPlatform.PtidesPlatformContents.AddSubtract2.FIRE_BEGIN,Task3.AddSubtract.Begin
.FunctionalModel.ReserveController.MetroIIPtidesPlatform.PtidesPlatformContents.AddSubtract2.FIRE_END,Task3.AddSubtract.End
.FunctionalModel.ReserveController.MetroIIPtidesPlatform.PtidesPlatformContents.Const2.FIRE_BEGIN,Task3.Const.Begin
.FunctionalModel.ReserveController.MetroIIPtidesPlatform.PtidesPlatformContents.Const2.FIRE_END,Task3.Const.End
.FunctionalModel.ReserveController.MetroIIPtidesPlatform.PtidesPlatformContents.AddSubtract.FIRE_BEGIN,Task3.AddSubtract.Begin
.FunctionalModel.ReserveController.MetroIIPtidesPlatform.PtidesPlatformContents.AddSubtract.FIRE_END,Task3.AddSubtract.End
.FunctionalModel.ReserveController.MetroIIPtidesPlatform.PtidesPlatformContents.PID.FIRE_BEGIN,Task3.PID.Begin
.FunctionalModel.ReserveController.MetroIIPtidesPlatform.PtidesPlatformContents.PID.FIRE_END,Task3.PID.End
.FunctionalModel.ReserveController.MetroIIPtidesPlatform.PtidesPlatformContents.Const.FIRE_BEGIN,Task3.Const.Begin
.FunctionalModel.ReserveController.MetroIIPtidesPlatform.PtidesPlatformContents.Const.FIRE_END,Task3.Const.End
.FunctionalModel.ReserveController.MetroIIPtidesPlatform.PtidesPlatformContents.Select.FIRE_BEGIN,Task3.Select.Begin
.FunctionalModel.ReserveController.MetroIIPtidesPlatform.PtidesPlatformContents.Select.FIRE_END,Task3.Select.End
.FunctionalModel.DtoFTrackingController.MetroIIPtidesPlatform.PtidesPlatformContents.AddSubtract.FIRE_BEGIN,Task4.AddSubtract.Begin
.FunctionalModel.DtoFTrackingController.MetroIIPtidesPlatform.PtidesPlatformContents.AddSubtract.FIRE_END,Task4.AddSubtract.End
.FunctionalModel.DtoFTrackingController.MetroIIPtidesPlatform.PtidesPlatformContents.PID.FIRE_BEGIN,Task4.PID.Begin
.FunctionalModel.DtoFTrackingController.MetroIIPtidesPlatform.PtidesPlatformContents.PID.FIRE_END,Task4.PID.End
.FunctionalModel.DtoRTrackingController.MetroIIPtidesPlatform.PtidesPlatformContents.AddSubtract.FIRE_BEGIN,Task5.AddSubtract.Begin
.FunctionalModel.DtoRTrackingController.MetroIIPtidesPlatform.PtidesPlatformContents.AddSubtract.FIRE_END,Task5.AddSubtract.End
.FunctionalModel.DtoRTrackingController.MetroIIPtidesPlatform.PtidesPlatformContents.Const.FIRE_BEGIN,Task5.Const.Begin
.FunctionalModel.DtoRTrackingController.MetroIIPtidesPlatform.PtidesPlatformContents.Const.FIRE_END,Task5.Const.End
.FunctionalModel.DtoRTrackingController.MetroIIPtidesPlatform.PtidesPlatformContents.BooleanToAnything.FIRE_BEGIN,Task5.BooleanToAnything.Begin
.FunctionalModel.DtoRTrackingController.MetroIIPtidesPlatform.PtidesPlatformContents.BooleanToAnything.FIRE_END,Task5.BooleanToAnything.End
.FunctionalModel.DtoRTrackingController.MetroIIPtidesPlatform.PtidesPlatformContents.Select.FIRE_BEGIN,Task5.Select.Begin
.FunctionalModel.DtoRTrackingController.MetroIIPtidesPlatform.PtidesPlatformContents.Select.FIRE_END,Task5.Select.End
.FunctionalModel.DtoRTrackingController.MetroIIPtidesPlatform.PtidesPlatformContents.PID.FIRE_BEGIN,Task5.PID.Begin
.FunctionalModel.DtoRTrackingController.MetroIIPtidesPlatform.PtidesPlatformContents.PID.FIRE_END,Task5.PID.End
.FunctionalModel.ContactController.MetroIIPtidesPlatform.PtidesPlatformContents.Const4.FIRE_BEGIN,Task6.Const.Begin
.FunctionalModel.ContactController.MetroIIPtidesPlatform.PtidesPlatformContents.Const4.FIRE_END,Task6.Const.End
.FunctionalModel.ContactController.MetroIIPtidesPlatform.PtidesPlatformContents.BooleanSwitch.FIRE_BEGIN,Task6.BooleanSwitch.Begin
.FunctionalModel.ContactController.MetroIIPtidesPlatform.PtidesPlatformContents.BooleanSwitch.FIRE_END,Task6.BooleanSwitch.End
.FunctionalModel.ContactController.MetroIIPtidesPlatform.PtidesPlatformContents.Const.FIRE_BEGIN,Task6.Const.Begin
.FunctionalModel.ContactController.MetroIIPtidesPlatform.PtidesPlatformContents.Const.FIRE_END,Task6.Const.End
.FunctionalModel.ContactController.MetroIIPtidesPlatform.PtidesPlatformContents.Ramp.FIRE_BEGIN,Task6.Ramp.Begin
.FunctionalModel.ContactController.MetroIIPtidesPlatform.PtidesPlatformContents.Ramp.FIRE_END,Task6.Ramp.End
.FunctionalModel.ContactController.MetroIIPtidesPlatform.PtidesPlatformContents.Comparator.FIRE_BEGIN,Task6.Comparator.Begin
.FunctionalModel.ContactController.MetroIIPtidesPlatform.PtidesPlatformContents.Comparator.FIRE_END,Task6.Comparator.End
.FunctionalModel.ContactController.MetroIIPtidesPlatform.PtidesPlatformContents.TrueGate.FIRE_BEGIN,Task6.TrueGate.Begin
.FunctionalModel.ContactController.MetroIIPtidesPlatform.PtidesPlatformContents.TrueGate.FIRE_END,Task6.TrueGate.End
.FunctionalModel.ContactController.MetroIIPtidesPlatform.PtidesPlatformContents.Const2.FIRE_BEGIN,Task6.Const.Begin
.FunctionalModel.ContactController.MetroIIPtidesPlatform.PtidesPlatformContents.Const2.FIRE_END,Task6.Const.End
.FunctionalModel.ContactController.MetroIIPtidesPlatform.PtidesPlatformContents.Const3.FIRE_BEGIN,Task6.Const.Begin
.FunctionalModel.ContactController.MetroIIPtidesPlatform.PtidesPlatformContents.Const3.FIRE_END,Task6.Const.End
